company,location,industry,total_laid_off,percentage_laid_off,date,stage,country,funds_raised_millions
#Paid,Toronto,Marketing,19,0.17,1/27/2023,"Series B",Canada,21
#Paid,Toronto,Marketing,19,0.17,1/27/2023,"Series B",Canada,21
"80 Acres Farms",Cincinnati,Food,NULL,0.1,1/18/2023,Unknown,"United States",275
"80 Acres Farms",Cincinnati,Food,NULL,0.1,1/18/2023,Unknown,"United States",275
8x8,"SF Bay Area",Support,155,0.07,1/18/2023,Post-IPO,"United States",253
8x8,"SF Bay Area",Support,155,0.07,1/18/2023,Post-IPO,"United States",253
Addepar,"SF Bay Area",Finance,20,0.03,1/18/2023,"Series F","United States",491
Addepar,"SF Bay Area",Finance,20,0.03,1/18/2023,"Series F","United States",491
Adobe,"SF Bay Area",Marketing,100,NULL,12/6/2022,Post-IPO,"United States",2
Adobe,"SF Bay Area",Marketing,100,NULL,12/6/2022,Post-IPO,"United States",2
Affirm,"SF Bay Area",Finance,500,0.19,2/8/2023,Post-IPO,"United States",1500
Affirm,"SF Bay Area",Finance,500,0.19,2/8/2023,Post-IPO,"United States",1500
Airbnb,"SF Bay Area",,30,NULL,3/3/2023,Post-IPO,"United States",6400
Airbnb,"SF Bay Area",,30,NULL,3/3/2023,Post-IPO,"United States",6400
Airtable,"SF Bay Area",Product,254,0.2,12/8/2022,"Series F","United States",1400
Airtable,"SF Bay Area",Product,254,0.2,12/8/2022,"Series F","United States",1400
Aiven,Helsinki,Infrastructure,NULL,0.2,1/18/2023,"Series D",Finland,420
Aiven,Helsinki,Infrastructure,NULL,0.2,1/18/2023,"Series D",Finland,420
"Akili Labs",Baltimore,Healthcare,46,0.3,1/12/2023,Seed,"United States",NULL
"Akili Labs",Baltimore,Healthcare,46,0.3,1/12/2023,Seed,"United States",NULL
Alerzo,Ibadan,Retail,400,NULL,3/6/2023,"Series B",Nigeria,16
Alerzo,Ibadan,Retail,400,NULL,3/6/2023,"Series B",Nigeria,16
Alice,"Sao Paulo",Healthcare,113,0.16,12/9/2022,"Series C",Brazil,174
Alice,"Sao Paulo",Healthcare,113,0.16,12/9/2022,"Series C",Brazil,174
Amazon,Seattle,Retail,8000,0.02,1/4/2023,Post-IPO,"United States",108
Amazon,Seattle,Retail,8000,0.02,1/4/2023,Post-IPO,"United States",108
"Ambev Tech",Blumenau,Food,50,NULL,3/2/2023,Acquired,Brazil,NULL
"Ambev Tech",Blumenau,Food,50,NULL,3/2/2023,Acquired,Brazil,NULL
Amdocs,"St. Louis",Support,700,0.03,1/2/2023,Post-IPO,"United States",NULL
Amdocs,"St. Louis",Support,700,0.03,1/2/2023,Post-IPO,"United States",NULL
"American Robotics",Boston,Other,50,0.65,1/17/2023,Acquired,"United States",92
"American Robotics",Boston,Other,50,0.65,1/17/2023,Acquired,"United States",92
Amount,Chicago,Finance,130,0.25,2/27/2023,Unknown,"United States",283
Amount,Chicago,Finance,130,0.25,2/27/2023,Unknown,"United States",283
Apollo,"SF Bay Area",Product,NULL,0.15,12/15/2022,"Series D","United States",183
Apollo,"SF Bay Area",Product,NULL,0.15,12/15/2022,"Series D","United States",183
Appgate,Miami,Security,34,0.08,2/1/2023,Post-IPO,"United States",NULL
Appgate,Miami,Security,34,0.08,2/1/2023,Post-IPO,"United States",NULL
"Arch Oncology",Brisbane,Healthcare,NULL,1,1/13/2023,"Series C","United States",155
"Arch Oncology",Brisbane,Healthcare,NULL,1,1/13/2023,"Series C","United States",155
Armis,"SF Bay Area",Security,25,0.04,12/8/2022,"Private Equity","United States",537
Armis,"SF Bay Area",Security,25,0.04,12/8/2022,"Private Equity","United States",537
Arrival,London,Transportation,800,0.5,1/30/2023,Post-IPO,"United Kingdom",629
Arrival,London,Transportation,800,0.5,1/30/2023,Post-IPO,"United Kingdom",629
Articulate,"New York City",Education,38,NULL,2/2/2023,"Series A","United States",1500
Articulate,"New York City",Education,38,NULL,2/2/2023,"Series A","United States",1500
Astronomer,Cincinnati,Data,76,0.2,1/4/2023,"Series C","United States",282
Astronomer,Cincinnati,Data,76,0.2,1/4/2023,"Series C","United States",282
Atlassian,Sydney,Other,500,0.05,3/6/2023,Post-IPO,Australia,210
Atlassian,Sydney,Other,500,0.05,3/6/2023,Post-IPO,Australia,210
Attentive,"New York City",Marketing,NULL,0.15,1/5/2023,"Series E","United States",863
Attentive,"New York City",Marketing,NULL,0.15,1/5/2023,"Series E","United States",863
AU10TIX,"Tel Aviv",Security,19,0.09,1/31/2023,Unknown,Israel,80
AU10TIX,"Tel Aviv",Security,19,0.09,1/31/2023,Unknown,Israel,80
Augury,"New York City",Manufacturing,20,0.05,1/4/2023,"Series E","United States",274
Augury,"New York City",Manufacturing,20,0.05,1/4/2023,"Series E","United States",274
Autodesk,"SF Bay Area",Other,250,0.02,2/2/2023,Post-IPO,"United States",NULL
Autodesk,"SF Bay Area",Other,250,0.02,2/2/2023,Post-IPO,"United States",NULL
"Back Market",Paris,Retail,93,0.13,12/23/2022,"Series E",France,1000
"Back Market",Paris,Retail,93,0.13,12/23/2022,"Series E",France,1000
Bakkt,Atlanta,Crypto,NULL,0.15,12/8/2022,Post-IPO,"United States",932
Bakkt,Atlanta,Crypto,NULL,0.15,12/8/2022,Post-IPO,"United States",932
"Bally's Interactive",Providence,NULL,NULL,0.15,1/18/2023,Post-IPO,"United States",946
"Bally's Interactive",Providence,NULL,NULL,0.15,1/18/2023,Post-IPO,"United States",946
Balto,"St. Louis",Sales,35,NULL,12/12/2022,"Series B","United States",51
Balto,"St. Louis",Sales,35,NULL,12/12/2022,"Series B","United States",51
Baraja,Sydney,Transportation,NULL,0.75,2/8/2023,Unknown,Australia,63
Baraja,Sydney,Transportation,NULL,0.75,2/8/2023,Unknown,Australia,63
Bark,"New York City",Retail,126,0.12,2/9/2023,Post-IPO,"United States",NULL
Bark,"New York City",Retail,126,0.12,2/9/2023,Post-IPO,"United States",NULL
"Beam Benefits",Columbus,Healthcare,31,0.08,2/8/2023,"Series E","United States",168
"Beam Benefits",Columbus,Healthcare,31,0.08,2/8/2023,"Series E","United States",168
Beamery,London,HR,NULL,0.12,1/10/2023,"Series D","United States",223
Beamery,London,HR,NULL,0.12,1/10/2023,"Series D","United States",223
Benevity,Calgary,Other,137,0.14,1/18/2023,Unknown,Canada,69
Benevity,Calgary,Other,137,0.14,1/18/2023,Unknown,Canada,69
Betterfly,Santiago,Healthcare,NULL,0.3,1/18/2023,"Series C",Chile,204
Betterfly,Santiago,Healthcare,NULL,0.3,1/18/2023,"Series C",Chile,204
Betterment,"New York City",Finance,28,NULL,2/15/2023,"Series F","United States",435
Betterment,"New York City",Finance,28,NULL,2/15/2023,"Series F","United States",435
BharatAgri,Mumbai,Food,40,0.43,1/15/2023,"Series A",India,21
BharatAgri,Mumbai,Food,40,0.43,1/15/2023,"Series A",India,21
BigCommerce,Austin,Retail,180,0.13,12/15/2022,Post-IPO,"United States",224
BigCommerce,Austin,Retail,180,0.13,12/15/2022,Post-IPO,"United States",224
Bilibili,Shanghai,Media,NULL,0.3,12/27/2022,Post-IPO,China,3700
Bilibili,Shanghai,Media,NULL,0.3,12/27/2022,Post-IPO,China,3700
BitSight,"Tel Aviv",Security,40,NULL,2/26/2023,Unknown,Israel,401
BitSight,"Tel Aviv",Security,40,NULL,2/26/2023,Unknown,Israel,401
BitTorrent,"SF Bay Area",Infrastructure,92,NULL,1/20/2023,Acquired,"United States",NULL
BitTorrent,"SF Bay Area",Infrastructure,92,NULL,1/20/2023,Acquired,"United States",NULL
Bittrex,Seattle,Crypto,80,NULL,2/2/2023,Unknown,"United States",NULL
Bittrex,Seattle,Crypto,80,NULL,2/2/2023,Unknown,"United States",NULL
"Black Shark",Shenzen,Hardware,900,NULL,1/13/2023,Unknown,China,NULL
"Black Shark",Shenzen,Hardware,900,NULL,1/13/2023,Unknown,China,NULL
BlackLine,"Los Angeles",Finance,95,0.05,12/8/2022,"Private Equity","United States",220
BlackLine,"Los Angeles",Finance,95,0.05,12/8/2022,"Private Equity","United States",220
Blend,"SF Bay Area",Finance,340,0.28,1/10/2023,Post-IPO,"United States",665
Blend,"SF Bay Area",Finance,340,0.28,1/10/2023,Post-IPO,"United States",665
Blockchain.com,London,Crypto,110,0.28,1/12/2023,"Series D","United Kingdom",490
Blockchain.com,London,Crypto,110,0.28,1/12/2023,"Series D","United Kingdom",490
"Blue Apron","New York City",Food,NULL,0.1,12/8/2022,Post-IPO,"United States",352
"Blue Apron","New York City",Food,NULL,0.1,12/8/2022,Post-IPO,"United States",352
"BM Technologies",Philadelphia,Finance,NULL,0.25,1/30/2023,Post-IPO,"United States",NULL
"BM Technologies",Philadelphia,Finance,NULL,0.25,1/30/2023,Post-IPO,"United States",NULL
Bolt,Lagos,Transportation,17,NULL,2/21/2023,"Series F",Nigeria,NULL
Bolt,Lagos,Transportation,17,NULL,2/21/2023,"Series F",Nigeria,NULL
Bolt,"SF Bay Area",Finance,50,0.1,1/24/2023,"Series E","United States",1300
Bolt,"SF Bay Area",Finance,50,0.1,1/24/2023,"Series E","United States",1300
"Bonterra ",Austin,Other,140,0.1,1/13/2023,Unknown,"United States",NULL
"Bonterra ",Austin,Other,140,0.1,1/13/2023,Unknown,"United States",NULL
Booktopia,Sydney,Retail,30,NULL,1/23/2023,"Series A",Australia,23
Booktopia,Sydney,Retail,30,NULL,1/23/2023,"Series A",Australia,23
Bounce,Bengaluru,Transportation,40,0.05,1/6/2023,"Series D",India,214
Bounce,Bengaluru,Transportation,40,0.05,1/6/2023,"Series D",India,214
Britishvolt,London,Transportation,206,1,1/17/2023,Unknown,"United Kingdom",2400
Britishvolt,London,Transportation,206,1,1/17/2023,Unknown,"United Kingdom",2400
Briza,Toronto,Finance,26,0.4,12/20/2022,"Series A",Canada,10
Briza,Toronto,Finance,26,0.4,12/20/2022,"Series A",Canada,10
Brodmann17,"Tel Aviv",Other,NULL,1,12/9/2022,"Series A",Israel,25
Brodmann17,"Tel Aviv",Other,NULL,1,12/9/2022,"Series A",Israel,25
Buser,"Sao Paulo",Transportation,160,0.3,12/8/2022,"Series C",Brazil,138
Buser,"Sao Paulo",Transportation,160,0.3,12/8/2022,"Series C",Brazil,138
"Bustle Digital Group","New York City",Media,NULL,0.08,2/1/2023,"Series E","United States",80
"Bustle Digital Group","New York City",Media,NULL,0.08,2/1/2023,"Series E","United States",80
"Butterfly Network",Boston,Healthcare,NULL,0.25,1/4/2023,Post-IPO,"United States",530
"Butterfly Network",Boston,Healthcare,NULL,0.25,1/4/2023,Post-IPO,"United States",530
BuzzFeed,"New York City",Media,180,0.12,12/6/2022,Post-IPO,"United States",696
BuzzFeed,"New York City",Media,180,0.12,12/6/2022,Post-IPO,"United States",696
Byju's,Bengaluru,Education,1500,NULL,2/2/2023,"Private Equity",India,5500
Byju's,Bengaluru,Education,1500,NULL,2/2/2023,"Private Equity",India,5500
ByteDance,Shanghai,Consumer,NULL,0.1,1/3/2023,Unknown,China,9400
ByteDance,Shanghai,Consumer,NULL,0.1,1/3/2023,Unknown,China,9400
C2FO,"Kansas City",Finance,20,0.02,12/9/2022,"Series H","United States",537
C2FO,"Kansas City",Finance,20,0.02,12/9/2022,"Series H","United States",537
"Camp K12",Gurugram,Education,NULL,0.7,1/23/2023,"Series A",India,16
"Camp K12",Gurugram,Education,NULL,0.7,1/23/2023,"Series A",India,16
"Capital One","Washington D.C.",Finance,1100,NULL,1/19/2023,Post-IPO,"United States",NULL
"Capital One","Washington D.C.",Finance,1100,NULL,1/19/2023,Post-IPO,"United States",NULL
"Captain Fresh ",Bengaluru,Food,120,NULL,1/15/2023,"Series C",India,126
"Captain Fresh ",Bengaluru,Food,120,NULL,1/15/2023,"Series C",India,126
"Carbon Health","SF Bay Area",Healthcare,200,NULL,1/6/2023,"Series D","United States",522
"Carbon Health","SF Bay Area",Healthcare,200,NULL,1/6/2023,"Series D","United States",522
"Career Karma","SF Bay Area",Education,22,NULL,1/12/2023,"Series B","United States",51
"Career Karma","SF Bay Area",Education,22,NULL,1/12/2023,"Series B","United States",51
Carta,"SF Bay Area",HR,NULL,0.1,1/11/2023,"Series G","United States",1100
Carta,"SF Bay Area",HR,NULL,0.1,1/11/2023,"Series G","United States",1100
Casavo,Milan,"Real Estate",NULL,0.3,2/13/2023,Unknown,Italy,708
Casavo,Milan,"Real Estate",NULL,0.3,2/13/2023,Unknown,Italy,708
"Cashfree Payments",Bengaluru,Finance,100,NULL,1/12/2023,"Series B",India,41
"Cashfree Payments",Bengaluru,Finance,100,NULL,1/12/2023,"Series B",India,41
Catch.com.au,Melbourne,Retail,100,NULL,2/6/2023,Acquired,Australia,80
Catch.com.au,Melbourne,Retail,100,NULL,2/6/2023,Acquired,Australia,80
Cerebral,"SF Bay Area",Healthcare,285,0.15,2/27/2023,"Series C","United States",462
Cerebral,"SF Bay Area",Healthcare,285,0.15,2/27/2023,"Series C","United States",462
Chainalysis,"New York City",Crypto,44,0.05,2/1/2023,"Series F","United States",536
Chainalysis,"New York City",Crypto,44,0.05,2/1/2023,"Series F","United States",536
"Chipper Cash","SF Bay Area",Finance,100,0.33,2/17/2023,"Series C","United States",302
"Chipper Cash","SF Bay Area",Finance,100,0.33,2/17/2023,"Series C","United States",302
Chope,Singapore,Food,65,0.24,12/20/2022,"Series E",Singapore,50
Chope,Singapore,Food,65,0.24,12/20/2022,"Series E",Singapore,50
ChowNow,"Los Angeles",Food,40,0.1,12/14/2022,"Series C","United States",64
ChowNow,"Los Angeles",Food,40,0.1,12/14/2022,"Series C","United States",64
Chrono24,Karlsruhe,Retail,65,0.13,1/30/2023,"Series C",Germany,205
Chrono24,Karlsruhe,Retail,65,0.13,1/30/2023,"Series C",Germany,205
Chrono24,Karlsruhe,Retail,80,NULL,12/8/2022,"Series C",Germany,205
Chrono24,Karlsruhe,Retail,80,NULL,12/8/2022,"Series C",Germany,205
CircleCI,"SF Bay Area",Product,NULL,0.17,12/7/2022,"Series F","United States",315
CircleCI,"SF Bay Area",Product,NULL,0.17,12/7/2022,"Series F","United States",315
Citizen,"New York City",Consumer,33,NULL,1/11/2023,"Series C","United States",133
Citizen,"New York City",Consumer,33,NULL,1/11/2023,"Series C","United States",133
"Citrine Informatics","SF Bay Area",Data,22,0.27,1/20/2023,"Series C","United States",64
"Citrine Informatics","SF Bay Area",Data,22,0.27,1/20/2023,"Series C","United States",64
Citrix,Miami,Infrastructure,NULL,0.15,1/10/2023,Acquired,"United States",20
Citrix,Miami,Infrastructure,NULL,0.15,1/10/2023,Acquired,"United States",20
Clari,"SF Bay Area",Sales,20,NULL,2/6/2023,"Series F","United States",496
Clari,"SF Bay Area",Sales,20,NULL,2/6/2023,"Series F","United States",496
"Clear Capital",Reno,"Real Estate",250,0.25,1/25/2023,Unknown,"United States",NULL
"Clear Capital",Reno,"Real Estate",250,0.25,1/25/2023,Unknown,"United States",NULL
ClearCo,Toronto,Finance,50,0.3,1/16/2023,"Series C",Canada,698
ClearCo,Toronto,Finance,50,0.3,1/16/2023,"Series C",Canada,698
Clue,Berlin,Healthcare,31,0.31,1/18/2023,Unknown,Germany,47
Clue,Berlin,Healthcare,31,0.31,1/18/2023,Unknown,Germany,47
Clutch,Toronto,Transportation,150,NULL,1/17/2023,Unknown,Canada,253
Clutch,Toronto,Transportation,150,NULL,1/17/2023,Unknown,Canada,253
CNET,"SF Bay Area",Media,12,0.1,3/2/2023,Acquired,"United States",20
CNET,"SF Bay Area",Media,12,0.1,3/2/2023,Acquired,"United States",20
CoachHub,Berlin,HR,NULL,0.1,1/24/2023,"Series C",Germany,332
CoachHub,Berlin,HR,NULL,0.1,1/24/2023,"Series C",Germany,332
Coinbase,"SF Bay Area",Crypto,950,0.2,1/10/2023,Post-IPO,"United States",549
Coinbase,"SF Bay Area",Crypto,950,0.2,1/10/2023,Post-IPO,"United States",549
CoinDCX,Mumbai,Crypto,80,NULL,1/11/2023,"Series D",India,244
CoinDCX,Mumbai,Crypto,80,NULL,1/11/2023,"Series D",India,244
CoinTracker,"SF Bay Area",Crypto,19,NULL,1/28/2023,"Series A","United States",101
CoinTracker,"SF Bay Area",Crypto,19,NULL,1/28/2023,"Series A","United States",101
"Collective Health","SF Bay Area",Healthcare,54,NULL,2/13/2023,"Series F","United States",719
"Collective Health","SF Bay Area",Healthcare,54,NULL,2/13/2023,"Series F","United States",719
"Color Health","SF Bay Area",Healthcare,300,NULL,3/1/2023,"Series E","United States",482
"Color Health","SF Bay Area",Healthcare,300,NULL,3/1/2023,"Series E","United States",482
CommerceHub,Albany,Retail,371,0.31,2/14/2023,Acquired,"United States",NULL
CommerceHub,Albany,Retail,371,0.31,2/14/2023,Acquired,"United States",NULL
Confluent,"SF Bay Area",Data,221,0.08,1/26/2023,Post-IPO,"United States",455
Confluent,"SF Bay Area",Data,221,0.08,1/26/2023,Post-IPO,"United States",455
ConsenSys,"New York City",Crypto,100,0.11,1/10/2023,"Series D","United States",726
ConsenSys,"New York City",Crypto,100,0.11,1/10/2023,"Series D","United States",726
"Corvus Insurance",Boston,Finance,NULL,0.14,1/24/2023,"Series C","United States",160
"Corvus Insurance",Boston,Finance,NULL,0.14,1/24/2023,"Series C","United States",160
Crunchyroll,Tokyo,Media,85,NULL,2/21/2023,Unknown,Japan,26
Crunchyroll,Tokyo,Media,85,NULL,2/21/2023,Unknown,Japan,26
Crypto.com,Singapore,Crypto,NULL,0.2,1/12/2023,Unknown,"United States",NULL
Crypto.com,Singapore,Crypto,NULL,0.2,1/12/2023,Unknown,"United States",NULL
"CS Disco",Austin,Legal,62,0.09,1/19/2023,Post-IPO,"United States",233
"CS Disco",Austin,Legal,62,0.09,1/19/2023,Post-IPO,"United States",233
Cue,"San Diego",Healthcare,388,NULL,1/5/2023,Post-IPO,"United States",999
Cue,"San Diego",Healthcare,388,NULL,1/5/2023,Post-IPO,"United States",999
CyCognito,"SF Bay Area",Security,30,0.15,12/8/2022,"Series C","United States",153
CyCognito,"SF Bay Area",Security,30,0.15,12/8/2022,"Series C","United States",153
Cyren,"Washington D.C.",Security,121,NULL,2/1/2023,Post-IPO,"United States",161
Cyren,"Washington D.C.",Security,121,NULL,2/1/2023,Post-IPO,"United States",161
"Cyteir Therapeutics",Boston,Healthcare,NULL,0.7,1/20/2023,"Series C","United States",156
"Cyteir Therapeutics",Boston,Healthcare,NULL,0.7,1/20/2023,"Series C","United States",156
"Dapper Labs",Vancouver,Crypto,NULL,0.2,2/23/2023,"Series D","United States",607
"Dapper Labs",Vancouver,Crypto,NULL,0.2,2/23/2023,"Series D","United States",607
Daraz,Singapore,Retail,NULL,0.11,2/6/2023,Unknown,Singapore,NULL
Daraz,Singapore,Retail,NULL,0.11,2/6/2023,Unknown,Singapore,NULL
DealShare,Bengaluru,Retail,100,0.06,1/27/2023,"Series E",India,390
DealShare,Bengaluru,Retail,100,0.06,1/27/2023,"Series E",India,390
"Definitive Healthcare",Boston,Healthcare,55,0.06,1/12/2023,Post-IPO,"United States",NULL
"Definitive Healthcare",Boston,Healthcare,55,0.06,1/12/2023,Post-IPO,"United States",NULL
DeHaat,Patna,Food,NULL,0.05,1/15/2023,"Series E",India,254
DeHaat,Patna,Food,NULL,0.05,1/15/2023,"Series E",India,254
Deliveroo,London,Food,350,0.09,2/9/2023,Post-IPO,"United Kingdom",1700
Deliveroo,London,Food,350,0.09,2/9/2023,Post-IPO,"United Kingdom",1700
"Delivery Hero",Berlin,Food,156,0.04,1/30/2023,Post-IPO,Germany,9900
"Delivery Hero",Berlin,Food,156,0.04,1/30/2023,Post-IPO,Germany,9900
Dell,Austin,Hardware,6650,0.05,2/6/2023,Post-IPO,"United States",NULL
Dell,Austin,Hardware,6650,0.05,2/6/2023,Post-IPO,"United States",NULL
"Digital Surge",Brisbane,Crypto,NULL,1,12/9/2022,Unknown,Australia,NULL
"Digital Surge",Brisbane,Crypto,NULL,1,12/9/2022,Unknown,Australia,NULL
DigitalOcean,"New York City",Infrastructure,200,0.11,2/15/2023,Post-IPO,"United States",491
DigitalOcean,"New York City",Infrastructure,200,0.11,2/15/2023,Post-IPO,"United States",491
DocuSign,"SF Bay Area",Sales,680,0.1,2/16/2023,Post-IPO,"United States",536
DocuSign,"SF Bay Area",Sales,680,0.1,2/16/2023,Post-IPO,"United States",536
Doma,"SF Bay Area",Finance,515,0.4,12/6/2022,Post-IPO,"United States",679
Doma,"SF Bay Area",Finance,515,0.4,12/6/2022,Post-IPO,"United States",679
DraftKings,Boston,Consumer,140,0.04,2/1/2023,Post-IPO,"United States",719
DraftKings,Boston,Consumer,140,0.04,2/1/2023,Post-IPO,"United States",719
Drift,Boston,Marketing,59,NULL,2/6/2023,Acquired,"United States",107
Drift,Boston,Marketing,59,NULL,2/6/2023,Acquired,"United States",107
DriveWealth,"Jersey City",Finance,NULL,0.2,1/26/2023,"Series D","United States",550
DriveWealth,"Jersey City",Finance,NULL,0.2,1/26/2023,"Series D","United States",550
Dunzo,Bengaluru,Food,NULL,0.03,1/16/2023,Unknown,India,382
Dunzo,Bengaluru,Food,NULL,0.03,1/16/2023,Unknown,India,382
"DUX Education",Bengaluru,Education,NULL,1,2/28/2023,Unknown,India,NULL
"DUX Education",Bengaluru,Education,NULL,1,2/28/2023,Unknown,India,NULL
"Earth Rides",Nashville,Transportation,NULL,1,1/19/2023,Unknown,"United States",2
"Earth Rides",Nashville,Transportation,NULL,1,1/19/2023,Unknown,"United States",2
"Eat Just","SF Bay Area",Food,40,NULL,2/24/2023,Unknown,"United States",465
"Eat Just","SF Bay Area",Food,40,NULL,2/24/2023,Unknown,"United States",465
eBay,"SF Bay Area",Retail,500,0.04,2/7/2023,Post-IPO,"United States",1200
eBay,"SF Bay Area",Retail,500,0.04,2/7/2023,Post-IPO,"United States",1200
Edgio,Phoenix,Infrastructure,95,0.1,12/13/2022,Post-IPO,"United States",462
Edgio,Phoenix,Infrastructure,95,0.1,12/13/2022,Post-IPO,"United States",462
Edifecs,Seattle,Healthcare,30,NULL,1/20/2023,Unknown,"United States",1
Edifecs,Seattle,Healthcare,30,NULL,1/20/2023,Unknown,"United States",1
"Editas Medicine",Boston,Healthcare,NULL,0.2,1/9/2023,Post-IPO,"United States",656
"Editas Medicine",Boston,Healthcare,NULL,0.2,1/9/2023,Post-IPO,"United States",656
Electric,"New York City",Other,141,0.25,2/13/2023,"Series D","United States",212
Electric,"New York City",Other,141,0.25,2/13/2023,"Series D","United States",212
"Electronic Arts","Baton Rouge",Consumer,200,NULL,2/28/2023,Post-IPO,"United States",2
"Electronic Arts","Baton Rouge",Consumer,200,NULL,2/28/2023,Post-IPO,"United States",2
Element,London,Other,NULL,0.15,12/25/2022,"Series B","United Kingdom",96
Element,London,Other,NULL,0.15,12/25/2022,"Series B","United Kingdom",96
Embark,Boston,Healthcare,41,NULL,1/11/2023,"Series B","United States",94
Embark,Boston,Healthcare,41,NULL,1/11/2023,"Series B","United States",94
"Embark Trucks","SF Bay Area",Transportation,230,0.7,3/3/2023,Post-IPO,"United States",317
"Embark Trucks","SF Bay Area",Transportation,230,0.7,3/3/2023,Post-IPO,"United States",317
"EMX Digital","New York City",Marketing,100,1,2/13/2023,Unknown,"United States",NULL
"EMX Digital","New York City",Marketing,100,1,2/13/2023,Unknown,"United States",NULL
Enjoei,"Sao Paulo",Retail,31,0.1,1/20/2023,Unknown,Brazil,14
Enjoei,"Sao Paulo",Retail,31,0.1,1/20/2023,Unknown,Brazil,14
Equitybee,"SF Bay Area",Finance,24,0.25,2/8/2023,"Series B","United States",85
Equitybee,"SF Bay Area",Finance,24,0.25,2/8/2023,"Series B","United States",85
Ericsson,Stockholm,Other,8500,0.08,2/24/2023,Post-IPO,Sweden,663
Ericsson,Stockholm,Other,8500,0.08,2/24/2023,Post-IPO,Sweden,663
Ermetic,"SF Bay Area",Security,30,0.17,1/23/2023,"Series B","United States",97
Ermetic,"SF Bay Area",Security,30,0.17,1/23/2023,"Series B","United States",97
Esper,Seattle,Other,NULL,0.21,1/10/2023,"Series A","United States",10
Esper,Seattle,Other,NULL,0.21,1/10/2023,"Series A","United States",10
"Ethos Life","SF Bay Area",Finance,50,NULL,2/21/2023,"Series D","United States",406
"Ethos Life","SF Bay Area",Finance,50,NULL,2/21/2023,"Series D","United States",406
Eventbrite,"SF Bay Area",Consumer,80,0.08,2/28/2023,Post-IPO,"United States",557
Eventbrite,"SF Bay Area",Consumer,80,0.08,2/28/2023,Post-IPO,"United States",557
Everlane,"SF Bay Area",Retail,30,0.17,1/5/2023,Unknown,"United States",176
Everlane,"SF Bay Area",Retail,30,0.17,1/5/2023,Unknown,"United States",176
Evernote,"SF Bay Area",Consumer,129,NULL,2/17/2023,Acquired,"United States",290
Evernote,"SF Bay Area",Consumer,129,NULL,2/17/2023,Acquired,"United States",290
EVgo,"Los Angeles",Transportation,40,NULL,2/23/2023,Post-IPO,"United States",400
EVgo,"Los Angeles",Transportation,40,NULL,2/23/2023,Post-IPO,"United States",400
Exotel,Bengaluru,Support,142,0.15,1/17/2023,"Series D",India,87
Exotel,Bengaluru,Support,142,0.15,1/17/2023,"Series D",India,87
Exterro,Portland,Legal,24,0.03,2/1/2023,"Private Equity","United States",100
Exterro,Portland,Legal,24,0.03,2/1/2023,"Private Equity","United States",100
FarEye,"New Delhi",Logistics,90,NULL,2/3/2023,"Series E",India,150
FarEye,"New Delhi",Logistics,90,NULL,2/3/2023,"Series E",India,150
"Fate Therapeutics","San Diego",Healthcare,315,0.57,1/9/2023,Post-IPO,"United States",1200
"Fate Therapeutics","San Diego",Healthcare,315,0.57,1/9/2023,Post-IPO,"United States",1200
Finder,Sydney,Retail,NULL,0.15,2/3/2023,Unknown,Australia,30
Finder,Sydney,Retail,NULL,0.15,2/3/2023,Unknown,Australia,30
Fipola,Chennai,Food,NULL,1,2/20/2023,"Series A","United States",9
Fipola,Chennai,Food,NULL,1,2/20/2023,"Series A","United States",9
Fireblocks,"New York City",Crypto,30,0.05,2/20/2023,"Series E","United States",1000
Fireblocks,"New York City",Crypto,30,0.05,2/20/2023,"Series E","United States",1000
Fittr,Pune,Fitness,30,0.11,3/2/2023,"Series A",India,13
Fittr,Pune,Fitness,30,0.11,3/2/2023,"Series A",India,13
Flexport,"SF Bay Area",Logistics,640,0.2,1/11/2023,"Series E","United States",2400
Flexport,"SF Bay Area",Logistics,640,0.2,1/11/2023,"Series E","United States",2400
ForeScout,"SF Bay Area",Security,100,0.1,1/10/2023,Post-IPO,"United States",125
ForeScout,"SF Bay Area",Security,100,0.1,1/10/2023,Post-IPO,"United States",125
"Frequency Therapeutics",Boston,Healthcare,NULL,0.5,2/1/2023,Post-IPO,"United States",76
"Frequency Therapeutics",Boston,Healthcare,NULL,0.5,2/1/2023,Post-IPO,"United States",76
Freshly,Phoenix,Food,329,NULL,12/12/2022,Acquired,"United States",107
Freshly,Phoenix,Food,329,NULL,12/12/2022,Acquired,"United States",107
Freshworks,"SF Bay Area",Support,90,0.02,12/15/2022,Post-IPO,"United States",484
Freshworks,"SF Bay Area",Support,90,0.02,12/15/2022,Post-IPO,"United States",484
Gemini,"New York City",Crypto,NULL,0.1,1/23/2023,Unknown,"United States",423
Gemini,"New York City",Crypto,NULL,0.1,1/23/2023,Unknown,"United States",423
Genesis,"New York City",Crypto,60,0.3,1/5/2023,"Series A","United States",NULL
Genesis,"New York City",Crypto,60,0.3,1/5/2023,"Series A","United States",NULL
Getaround,"SF Bay Area",Transportation,NULL,0.1,2/2/2023,Post-IPO,"United States",948
Getaround,"SF Bay Area",Transportation,NULL,0.1,2/2/2023,Post-IPO,"United States",948
Getir,"New York City",Food,100,NULL,2/2/2023,"Series E","United States",1800
Getir,"New York City",Food,100,NULL,2/2/2023,"Series E","United States",1800
GitHub,"SF Bay Area",Product,NULL,0.1,2/9/2023,Acquired,"United States",350
GitHub,"SF Bay Area",Product,NULL,0.1,2/9/2023,Acquired,"United States",350
GitLab,"SF Bay Area",Product,130,0.07,2/9/2023,Post-IPO,"United States",413
GitLab,"SF Bay Area",Product,130,0.07,2/9/2023,Post-IPO,"United States",413
Gitpod,Kiel,Product,21,0.28,1/24/2023,"Series A",Germany,41
Gitpod,Kiel,Product,21,0.28,1/24/2023,"Series A",Germany,41
Glints,Singapore,HR,198,0.18,12/8/2022,"Series D",Singapore,82
Glints,Singapore,HR,198,0.18,12/8/2022,"Series D",Singapore,82
Glovo,Barcelona,Food,250,0.06,1/30/2023,Acquired,Spain,1200
Glovo,Barcelona,Food,250,0.06,1/30/2023,Acquired,Spain,1200
GoBolt,Toronto,Logistics,55,0.05,1/10/2023,"Series C",Canada,178
GoBolt,Toronto,Logistics,55,0.05,1/10/2023,"Series C",Canada,178
GoDaddy,Phoenix,Marketing,530,0.08,2/8/2023,Post-IPO,"United States",800
GoDaddy,Phoenix,Marketing,530,0.08,2/8/2023,Post-IPO,"United States",800
Gokada,Lagos,Transportation,54,NULL,1/31/2023,Unknown,Nigeria,12
Gokada,Lagos,Transportation,54,NULL,1/31/2023,Unknown,Nigeria,12
GoMechanic,Gurugram,Transportation,NULL,0.7,1/17/2023,"Series C",India,54
GoMechanic,Gurugram,Transportation,NULL,0.7,1/17/2023,"Series C",India,54
Gong,"SF Bay Area",Sales,80,0.07,2/8/2023,"Series E","United States",583
Gong,"SF Bay Area",Sales,80,0.07,2/8/2023,"Series E","United States",583
Google,"SF Bay Area",Consumer,12000,0.06,1/20/2023,Post-IPO,"United States",26
Google,"SF Bay Area",Consumer,12000,0.06,1/20/2023,Post-IPO,"United States",26
GoStudent,Vienna,Education,100,NULL,12/14/2022,"Series D",Austria,686
GoStudent,Vienna,Education,100,NULL,12/14/2022,"Series D",Austria,686
Gramophone,Indore,Food,75,NULL,1/16/2023,"Series B",India,17
Gramophone,Indore,Food,75,NULL,1/16/2023,"Series B",India,17
Greenlight,Atlanta,Finance,104,0.21,1/12/2023,"Series D","United States",556
Greenlight,Atlanta,Finance,104,0.21,1/12/2023,"Series D","United States",556
Groupon,Chicago,Retail,500,NULL,1/30/2023,Post-IPO,"United States",1400
Groupon,Chicago,Retail,500,NULL,1/30/2023,Post-IPO,"United States",1400
Grover,Berlin,Retail,40,0.1,12/7/2022,Unknown,"United States",2300
Grover,Berlin,Retail,40,0.1,12/7/2022,Unknown,"United States",2300
"Guardant Health","SF Bay Area",Healthcare,130,0.07,1/25/2023,Post-IPO,"United States",550
"Guardant Health","SF Bay Area",Healthcare,130,0.07,1/25/2023,Post-IPO,"United States",550
Gusto,"SF Bay Area",HR,126,0.05,2/8/2023,"Series E","United States",746
Gusto,"SF Bay Area",HR,126,0.05,2/8/2023,"Series E","United States",746
HackerEarth,"SF Bay Area",HR,NULL,0.08,2/14/2023,"Series B","United States",11
HackerEarth,"SF Bay Area",HR,NULL,0.08,2/14/2023,"Series B","United States",11
Harappa,"New Delhi",Education,60,0.3,1/3/2023,Acquired,India,NULL
Harappa,"New Delhi",Education,60,0.3,1/3/2023,Acquired,India,NULL
HashiCorp,"SF Bay Area",Security,69,NULL,1/11/2023,Post-IPO,"United States",349
HashiCorp,"SF Bay Area",Security,69,NULL,1/11/2023,Post-IPO,"United States",349
Headspace,"Los Angeles",Healthcare,50,0.04,12/14/2022,Unknown,"United States",215
Headspace,"Los Angeles",Healthcare,50,0.04,12/14/2022,Unknown,"United States",215
Heycar,Berlin,Transportation,73,NULL,1/27/2023,Unknown,Germany,NULL
Heycar,Berlin,Transportation,73,NULL,1/27/2023,Unknown,Germany,NULL
Highspot,Seattle,Sales,100,0.1,2/2/2023,"Series F","United States",644
Highspot,Seattle,Sales,100,0.1,2/2/2023,"Series F","United States",644
Homebot,Denver,"Real Estate",18,0.13,12/19/2022,Acquired,"United States",4
Homebot,Denver,"Real Estate",18,0.13,12/19/2022,Acquired,"United States",4
Hootsuite,Vancouver,Marketing,70,0.07,1/18/2023,"Series C",Canada,300
Hootsuite,Vancouver,Marketing,70,0.07,1/18/2023,"Series C",Canada,300
Houzz,"SF Bay Area",Consumer,95,0.08,12/7/2022,"Series E","United States",613
Houzz,"SF Bay Area",Consumer,95,0.08,12/7/2022,"Series E","United States",613
HP,"Tel Aviv",Hardware,100,NULL,2/19/2023,Post-IPO,Israel,4200
HP,"Tel Aviv",Hardware,100,NULL,2/19/2023,Post-IPO,Israel,4200
Hubilo,"SF Bay Area",Other,115,0.35,1/19/2023,"Series B","United States",153
Hubilo,"SF Bay Area",Other,115,0.35,1/19/2023,"Series B","United States",153
HubSpot,Boston,Marketing,500,0.07,1/31/2023,Post-IPO,"United States",100
HubSpot,Boston,Marketing,500,0.07,1/31/2023,Post-IPO,"United States",100
Huobi,Beijing,Crypto,275,0.2,1/6/2023,Unknown,China,2
Huobi,Beijing,Crypto,275,0.2,1/6/2023,Unknown,China,2
Hydrow,Boston,Fitness,30,NULL,1/19/2023,"Series D","United States",269
Hydrow,Boston,Fitness,30,NULL,1/19/2023,"Series D","United States",269
IBM,"New York City",Hardware,3900,0.02,1/25/2023,Post-IPO,"United States",NULL
IBM,"New York City",Hardware,3900,0.02,1/25/2023,Post-IPO,"United States",NULL
iFood,"Sao Paulo",Food,355,0.06,3/1/2023,Subsidiary,Brazil,2100
iFood,"Sao Paulo",Food,355,0.06,3/1/2023,Subsidiary,Brazil,2100
Ignition,Sydney,Finance,NULL,0.1,1/16/2023,"Series C",Australia,74
Ignition,Sydney,Finance,NULL,0.1,1/16/2023,"Series C",Australia,74
Immutable,Sydney,Crypto,NULL,0.11,2/22/2023,"Series C",Australia,279
Immutable,Sydney,Crypto,NULL,0.11,2/22/2023,"Series C",Australia,279
"Impossible Foods copy","SF Bay Area",Food,140,0.2,1/30/2023,"Series H","United States",1900
"Impossible Foods copy","SF Bay Area",Food,140,0.2,1/30/2023,"Series H","United States",1900
Improbable,London,Other,NULL,0.1,12/16/2022,Unknown,"United Kingdom",704
Improbable,London,Other,NULL,0.1,12/16/2022,Unknown,"United Kingdom",704
Informatica,"SF Bay Area",Data,450,0.07,1/10/2023,Post-IPO,"United States",NULL
Informatica,"SF Bay Area",Data,450,0.07,1/10/2023,Post-IPO,"United States",NULL
Inmobi,Bengaluru,Marketing,50,NULL,1/23/2023,Unknown,India,320
Inmobi,Bengaluru,Marketing,50,NULL,1/23/2023,Unknown,India,320
Innovaccer,"SF Bay Area",Healthcare,245,0.15,1/24/2023,"Series E","United States",379
Innovaccer,"SF Bay Area",Healthcare,245,0.15,1/24/2023,"Series E","United States",379
Innovid,"New York City",Marketing,40,0.1,1/23/2023,Post-IPO,"United States",295
Innovid,"New York City",Marketing,40,0.1,1/23/2023,Post-IPO,"United States",295
Inscripta,Boulder,Healthcare,43,NULL,12/8/2022,"Series E","United States",459
Inscripta,Boulder,Healthcare,43,NULL,12/8/2022,"Series E","United States",459
Inspirato,Denver,Travel,109,0.12,1/18/2023,Post-IPO,"United States",179
Inspirato,Denver,Travel,109,0.12,1/18/2023,Post-IPO,"United States",179
"Integral Ad Science","New York City",Marketing,120,0.13,12/7/2022,Acquired,"United States",116
"Integral Ad Science","New York City",Marketing,120,0.13,12/7/2022,Acquired,"United States",116
Intel,"SF Bay Area",Hardware,201,NULL,12/6/2022,Post-IPO,"United States",12
Intel,"SF Bay Area",Hardware,201,NULL,12/6/2022,Post-IPO,"United States",12
Intel,"SF Bay Area",Hardware,343,NULL,1/30/2023,Post-IPO,"United States",12
Intel,"SF Bay Area",Hardware,343,NULL,1/30/2023,Post-IPO,"United States",12
Intrinsic,"SF Bay Area",Other,40,0.2,1/11/2023,Acquired,"United States",NULL
Intrinsic,"SF Bay Area",Other,40,0.2,1/11/2023,Acquired,"United States",NULL
iRobot,Boston,Consumer,85,0.07,2/13/2023,Acquired,"United States",30
iRobot,Boston,Consumer,85,0.07,2/13/2023,Acquired,"United States",30
JD.ID,Jakarta,Retail,200,0.3,12/14/2022,Post-IPO,Indonesia,5100
JD.ID,Jakarta,Retail,200,0.3,12/14/2022,Post-IPO,Indonesia,5100
Jellyfish,Boston,Product,NULL,0.09,1/13/2023,"Series C","United States",114
Jellyfish,Boston,Product,NULL,0.09,1/13/2023,"Series C","United States",114
Jellysmack,Paris,Media,208,NULL,2/15/2023,"Series C",France,22
Jellysmack,Paris,Media,208,NULL,2/15/2023,"Series C",France,22
"Jounce Therapeutics",Boston,Healthcare,NULL,0.57,2/22/2023,Acquired,"United States",194
"Jounce Therapeutics",Boston,Healthcare,NULL,0.57,2/22/2023,Acquired,"United States",194
Jumio,"SF Bay Area",Security,100,0.06,1/11/2023,"Private Equity","United States",205
Jumio,"SF Bay Area",Security,100,0.06,1/11/2023,"Private Equity","United States",205
Jumpcloud,Boulder,Security,100,0.12,1/18/2023,"Series F","United States",416
Jumpcloud,Boulder,Security,100,0.12,1/18/2023,"Series F","United States",416
Kaltura,"New York City",Media,75,0.11,1/4/2023,Post-IPO,"United States",166
Kaltura,"New York City",Media,75,0.11,1/4/2023,Post-IPO,"United States",166
Kandela,"Los Angeles",Consumer,NULL,1,3/2/2023,Acquired,"United States",NULL
Kandela,"Los Angeles",Consumer,NULL,1,3/2/2023,Acquired,"United States",NULL
Karat,Seattle,HR,47,NULL,1/20/2023,Unknown,"United States",169
Karat,Seattle,HR,47,NULL,1/20/2023,Unknown,"United States",169
Kinde,Sydney,Other,8,0.28,2/20/2023,Seed,Australia,10
Kinde,Sydney,Other,8,0.28,2/20/2023,Seed,Australia,10
Koho,Toronto,Finance,NULL,0.14,2/8/2023,"Series D",Canada,278
Koho,Toronto,Finance,NULL,0.14,2/8/2023,"Series D",Canada,278
"Komodo Health","SF Bay Area",Healthcare,78,0.09,12/13/2022,"Series E","United States",514
"Komodo Health","SF Bay Area",Healthcare,78,0.09,12/13/2022,"Series E","United States",514
Kyruus,Boston,Healthcare,70,NULL,2/5/2023,Unknown,"United States",183
Kyruus,Boston,Healthcare,70,NULL,2/5/2023,Unknown,"United States",183
"Lam Research","SF Bay Area",Hardware,1300,0.07,1/25/2023,Post-IPO,"United States",NULL
"Lam Research","SF Bay Area",Hardware,1300,0.07,1/25/2023,Post-IPO,"United States",NULL
Lantern,"Grand Rapids",Retail,NULL,1,1/6/2023,Seed,"United States",40
Lantern,"Grand Rapids",Retail,NULL,1,1/6/2023,Seed,"United States",40
Lattice,"SF Bay Area",HR,NULL,0.15,1/12/2023,"Series F","United States",328
Lattice,"SF Bay Area",HR,NULL,0.15,1/12/2023,"Series F","United States",328
LEAD,Mumbai,Education,60,NULL,1/10/2023,"Series E",India,190
LEAD,Mumbai,Education,60,NULL,1/10/2023,"Series E",India,190
LeafLink,"New York City",Other,80,0.31,12/15/2022,"Series C","United States",379
LeafLink,"New York City",Other,80,0.31,12/15/2022,"Series C","United States",379
LearnUpon,Dublin,Education,27,0.09,2/7/2023,"Private Equity",Ireland,56
LearnUpon,Dublin,Education,27,0.09,2/7/2023,"Private Equity",Ireland,56
Lendi,Sydney,"Real Estate",100,NULL,3/3/2023,Unknown,Australia,59
Lendi,Sydney,"Real Estate",100,NULL,3/3/2023,Unknown,Australia,59
"Lending Club","SF Bay Area",Finance,225,0.14,1/12/2023,Post-IPO,"United States",392
"Lending Club","SF Bay Area",Finance,225,0.14,1/12/2023,Post-IPO,"United States",392
Lendis,Berlin,Other,NULL,0.5,12/21/2022,"Series A",Germany,90
Lendis,Berlin,Other,NULL,0.5,12/21/2022,"Series A",Germany,90
Lev,"New York City","Real Estate",30,0.3,12/7/2022,"Series B","United States",114
Lev,"New York City","Real Estate",30,0.3,12/7/2022,"Series B","United States",114
Life360,"SF Bay Area",Consumer,NULL,0.14,1/12/2023,Post-IPO,"United States",158
Life360,"SF Bay Area",Consumer,NULL,0.14,1/12/2023,Post-IPO,"United States",158
Lightico,"Tel Aviv",Finance,20,0.25,2/5/2023,"Series B",Israel,42
Lightico,"Tel Aviv",Finance,20,0.25,2/5/2023,"Series B",Israel,42
"Lightspeed Commerce",Montreal,Retail,300,0.1,1/17/2023,Post-IPO,Canada,1200
"Lightspeed Commerce",Montreal,Retail,300,0.1,1/17/2023,Post-IPO,Canada,1200
Limeade,Seattle,HR,NULL,0.15,1/11/2023,"Series C","United States",33
Limeade,Seattle,HR,NULL,0.15,1/11/2023,"Series C","United States",33
Lithic,"New York City",Finance,27,0.18,12/7/2022,"Series C","United States",115
Lithic,"New York City",Finance,27,0.18,12/7/2022,"Series C","United States",115
LiveVox,"SF Bay Area",Support,NULL,0.16,1/17/2023,Post-IPO,"United States",12
LiveVox,"SF Bay Area",Support,NULL,0.16,1/17/2023,Post-IPO,"United States",12
Locomation,Pittsburgh,Transportation,NULL,1,2/22/2023,Seed,"United States",57
Locomation,Pittsburgh,Transportation,NULL,1,2/22/2023,Seed,"United States",57
Loft,"Sao Paulo","Real Estate",312,0.12,12/7/2022,Unknown,Brazil,788
Loft,"Sao Paulo","Real Estate",312,0.12,12/7/2022,Unknown,Brazil,788
Loft,"Sao Paulo","Real Estate",340,0.15,3/3/2023,Unknown,Brazil,788
Loft,"Sao Paulo","Real Estate",340,0.15,3/3/2023,Unknown,Brazil,788
Loggi,"Sao Paulo",Logistics,300,0.07,2/6/2023,"Series F",Brazil,507
Loggi,"Sao Paulo",Logistics,300,0.07,2/6/2023,"Series F",Brazil,507
"Lucid Diagnostics","New York City",Healthcare,NULL,0.2,1/18/2023,Post-IPO,"United States",NULL
"Lucid Diagnostics","New York City",Healthcare,NULL,0.2,1/18/2023,Post-IPO,"United States",NULL
"Lucira Health","SF Bay Area",Healthcare,26,NULL,2/24/2023,Post-IPO,"United States",132
"Lucira Health","SF Bay Area",Healthcare,26,NULL,2/24/2023,Post-IPO,"United States",132
Luno,London,Crypto,330,0.35,1/25/2023,Acquired,"United Kingdom",13
Luno,London,Crypto,330,0.35,1/25/2023,Acquired,"United Kingdom",13
"Luxury Presence","Los Angeles","Real Estate",44,NULL,1/17/2023,"Series B","United States",31
"Luxury Presence","Los Angeles","Real Estate",44,NULL,1/17/2023,"Series B","United States",31
"Magic Eden","SF Bay Area",Crypto,22,NULL,2/13/2023,"Series B","United States",170
"Magic Eden","SF Bay Area",Crypto,22,NULL,2/13/2023,"Series B","United States",170
Magnite,"Los Angeles",Marketing,NULL,0.06,1/19/2023,Post-IPO,"United States",400
Magnite,"Los Angeles",Marketing,NULL,0.06,1/19/2023,Post-IPO,"United States",400
Mapbox,"Washington D.C.",Data,64,NULL,1/12/2023,Unknown,"United States",334
Mapbox,"Washington D.C.",Data,64,NULL,1/12/2023,Unknown,"United States",334
MariaDB,Helsinki,Data,NULL,0.08,2/1/2023,Post-IPO,Finland,245
MariaDB,Helsinki,Data,NULL,0.08,2/1/2023,Post-IPO,Finland,245
MasterClass,"SF Bay Area",Education,79,NULL,3/2/2023,"Series E","United States",461
MasterClass,"SF Bay Area",Education,79,NULL,3/2/2023,"Series E","United States",461
"Match Group","New York City",Consumer,NULL,0.08,2/1/2023,Post-IPO,"United States",NULL
"Match Group","New York City",Consumer,NULL,0.08,2/1/2023,Post-IPO,"United States",NULL
Matrixport,Singapore,Crypto,29,0.1,1/27/2023,"Series C",Singapore,100
Matrixport,Singapore,Crypto,29,0.1,1/27/2023,"Series C",Singapore,100
"Me Poupe","Sao Paulo",Finance,60,0.5,1/28/2023,Unknown,Brazil,NULL
"Me Poupe","Sao Paulo",Finance,60,0.5,1/28/2023,Unknown,Brazil,NULL
Medallia,"SF Bay Area",Support,59,NULL,2/24/2023,Acquired,"United States",325
Medallia,"SF Bay Area",Support,59,NULL,2/24/2023,Acquired,"United States",325
MediBuddy,Bengaluru,Healthcare,200,NULL,1/20/2023,Acquired,India,192
MediBuddy,Bengaluru,Healthcare,200,NULL,1/20/2023,Acquired,India,192
Medly,"New York City",Healthcare,NULL,1,2/8/2023,"Series C","United States",100
Medly,"New York City",Healthcare,NULL,1,2/8/2023,"Series C","United States",100
Merative,"Ann Arbor",Healthcare,200,0.1,2/23/2023,Acquired,"United States",NULL
Merative,"Ann Arbor",Healthcare,200,0.1,2/23/2023,Acquired,"United States",NULL
MeridianLink,"Los Angeles",Finance,NULL,0.09,2/28/2023,Post-IPO,"United States",485
MeridianLink,"Los Angeles",Finance,NULL,0.09,2/28/2023,Post-IPO,"United States",485
Messari,"New York City",Crypto,NULL,0.15,2/23/2023,"Series B","United States",61
Messari,"New York City",Crypto,NULL,0.15,2/23/2023,"Series B","United States",61
Microsoft,Seattle,Other,10000,0.05,1/18/2023,Post-IPO,"United States",1
Microsoft,Seattle,Other,10000,0.05,1/18/2023,Post-IPO,"United States",1
Milkrun,Sydney,Food,NULL,0.2,2/15/2023,"Series A",Australia,86
Milkrun,Sydney,Food,NULL,0.2,2/15/2023,"Series A",Australia,86
Mindstrong,"SF Bay Area",Healthcare,127,NULL,2/2/2023,"Series C","United States",160
Mindstrong,"SF Bay Area",Healthcare,127,NULL,2/2/2023,"Series C","United States",160
"Minute Media",London,Media,50,0.1,1/8/2023,"Series I","United Kingdom",160
"Minute Media",London,Media,50,0.1,1/8/2023,"Series I","United Kingdom",160
Miro,"SF Bay Area",Other,119,0.07,2/2/2023,"Series C","United States",476
Miro,"SF Bay Area",Other,119,0.07,2/2/2023,"Series C","United States",476
"Misfits Market",Philadelphia,Food,649,0.33,2/9/2023,"Series C","United States",526
"Misfits Market",Philadelphia,Food,649,0.33,2/9/2023,"Series C","United States",526
"Mode Global",London,Finance,NULL,1,1/26/2023,Post-IPO,"United Kingdom",NULL
"Mode Global",London,Finance,NULL,1,1/26/2023,Post-IPO,"United Kingdom",NULL
"Modern Treasury","SF Bay Area",Finance,NULL,0.18,12/16/2022,"Series C","United States",183
"Modern Treasury","SF Bay Area",Finance,NULL,0.18,12/16/2022,"Series C","United States",183
Moglix,Singapore,Retail,40,0.02,1/5/2023,"Series F",Singapore,472
Moglix,Singapore,Retail,40,0.02,1/5/2023,"Series F",Singapore,472
"Mojo Vision","SF Bay Area",Hardware,NULL,0.75,1/6/2023,"Series B","United States",204
"Mojo Vision","SF Bay Area",Hardware,NULL,0.75,1/6/2023,"Series B","United States",204
Moladin,Jakarta,Transportation,360,0.11,2/12/2023,"Series B",Indonesia,138
Moladin,Jakarta,Transportation,360,0.11,2/12/2023,"Series B",Indonesia,138
Momentive,"SF Bay Area",Marketing,NULL,0.14,2/15/2023,Post-IPO,"United States",1100
Momentive,"SF Bay Area",Marketing,NULL,0.14,2/15/2023,Post-IPO,"United States",1100
Motive,"SF Bay Area",Transportation,237,0.06,12/7/2022,"Series F","United States",567
Motive,"SF Bay Area",Transportation,237,0.06,12/7/2022,"Series F","United States",567
Mudafy,"Mexico City","Real Estate",NULL,0.7,1/19/2023,"Series A","United States",13
Mudafy,"Mexico City","Real Estate",NULL,0.7,1/19/2023,"Series A","United States",13
MyGate,Bengaluru,Other,200,0.3,2/20/2023,"Series B",India,79
MyGate,Bengaluru,Other,200,0.3,2/20/2023,"Series B",India,79
Namogoo,"Tel Aviv",Marketing,20,0.15,1/23/2023,"Series C","United States",69
Namogoo,"Tel Aviv",Marketing,20,0.15,1/23/2023,"Series C","United States",69
"National Instruments",Austin,Hardware,NULL,0.04,1/31/2023,Post-IPO,"United States",NULL
"National Instruments",Austin,Hardware,NULL,0.04,1/31/2023,Post-IPO,"United States",NULL
"NCC Group",Manchester,Security,125,0.07,2/2/2023,Post-IPO,"United Kingdom",NULL
"NCC Group",Manchester,Security,125,0.07,2/2/2023,Post-IPO,"United Kingdom",NULL
nCino,Wilmington,Finance,100,0.07,1/18/2023,Post-IPO,"United States",1100
nCino,Wilmington,Finance,100,0.07,1/18/2023,Post-IPO,"United States",1100
NCSoft,Seoul,Consumer,NULL,0.2,2/2/2023,Post-IPO,"South Korea",240
NCSoft,Seoul,Consumer,NULL,0.2,2/2/2023,Post-IPO,"South Korea",240
Nearmap,Sydney,Construction,NULL,0.2,2/8/2023,Acquired,Australia,15
Nearmap,Sydney,Construction,NULL,0.2,2/8/2023,Acquired,Australia,15
Neon,"Sao Paulo",Finance,210,0.09,2/15/2023,"Series D",Brazil,720
Neon,"Sao Paulo",Finance,210,0.09,2/15/2023,"Series D",Brazil,720
Nerdy,"St. Louis",Education,NULL,0.17,12/8/2022,Post-IPO,"United States",150
Nerdy,"St. Louis",Education,NULL,0.17,12/8/2022,Post-IPO,"United States",150
NetApp,"SF Bay Area",Data,960,0.08,1/31/2023,Post-IPO,"United States",NULL
NetApp,"SF Bay Area",Data,960,0.08,1/31/2023,Post-IPO,"United States",NULL
"Nomad Health","New York City",Healthcare,119,0.17,2/9/2023,Unknown,"United States",218
"Nomad Health","New York City",Healthcare,119,0.17,2/9/2023,Unknown,"United States",218
"Octopus Network","Beau Vallon",Crypto,NULL,0.4,12/27/2022,"Series A",Seychelles,8
"Octopus Network","Beau Vallon",Crypto,NULL,0.4,12/27/2022,"Series A",Seychelles,8
"OFFOR Health",Columbus,Healthcare,16,NULL,1/24/2023,"Series A","United States",14
"OFFOR Health",Columbus,Healthcare,16,NULL,1/24/2023,"Series A","United States",14
Okta,"SF Bay Area",Security,300,0.05,2/2/2023,Post-IPO,"United States",1200
Okta,"SF Bay Area",Security,300,0.05,2/2/2023,Post-IPO,"United States",1200
Ola,Bengaluru,Transportation,200,NULL,1/13/2023,"Series J",India,5000
Ola,Bengaluru,Transportation,200,NULL,1/13/2023,"Series J",India,5000
"Olive AI",Columbus,Healthcare,215,0.35,2/9/2023,"Series H","United States",856
"Olive AI",Columbus,Healthcare,215,0.35,2/9/2023,"Series H","United States",856
"OLX Group",Amsterdam,Marketing,1500,0.15,1/30/2023,Acquired,Netherlands,NULL
"OLX Group",Amsterdam,Marketing,1500,0.15,1/30/2023,Acquired,Netherlands,NULL
OneFootball,Berlin,Marketing,62,0.115,12/9/2022,"Series D",Germany,442
OneFootball,Berlin,Marketing,62,0.115,12/9/2022,"Series D",Germany,442
OneFootball,Berlin,Marketing,150,0.32,2/23/2023,"Series D",Germany,442
OneFootball,Berlin,Marketing,150,0.32,2/23/2023,"Series D",Germany,442
Openpay,Melbourne,Finance,83,1,2/7/2023,Post-IPO,Australia,299
Openpay,Melbourne,Finance,83,1,2/7/2023,Post-IPO,Australia,299
OpenText,Waterloo,Data,NULL,0.08,1/31/2023,Post-IPO,Canada,1100
OpenText,Waterloo,Data,NULL,0.08,1/31/2023,Post-IPO,Canada,1100
Oportun,"SF Bay Area",Finance,155,0.1,2/9/2023,Post-IPO,"United States",566
Oportun,"SF Bay Area",Finance,155,0.1,2/9/2023,Post-IPO,"United States",566
Otonomo,"Tel Aviv",Transportation,80,0.5,12/8/2022,Post-IPO,Israel,231
Otonomo,"Tel Aviv",Transportation,80,0.5,12/8/2022,Post-IPO,Israel,231
Outreach,Seattle,Sales,70,0.07,2/27/2023,"Series G","United States",489
Outreach,Seattle,Sales,70,0.07,2/27/2023,"Series G","United States",489
Outschool,"SF Bay Area",Education,43,0.25,12/10/2022,"Series D","United States",240
Outschool,"SF Bay Area",Education,43,0.25,12/10/2022,"Series D","United States",240
Paddle,London,Finance,NULL,0.08,1/11/2023,"Series D","United Kingdom",293
Paddle,London,Finance,NULL,0.08,1/11/2023,"Series D","United Kingdom",293
Pagaya,"New York City",Finance,140,0.2,1/18/2023,Post-IPO,"United States",571
Pagaya,"New York City",Finance,140,0.2,1/18/2023,Post-IPO,"United States",571
PagBank,"Sao Paulo",Finance,500,0.07,1/16/2023,Post-IPO,Brazil,NULL
PagBank,"Sao Paulo",Finance,500,0.07,1/16/2023,Post-IPO,Brazil,NULL
PagerDuty,"SF Bay Area",Product,NULL,0.07,1/24/2023,Post-IPO,"United States",173
PagerDuty,"SF Bay Area",Product,NULL,0.07,1/24/2023,Post-IPO,"United States",173
PagSeguro,"Sao Paulo",Finance,NULL,0.07,1/25/2023,Post-IPO,Brazil,NULL
PagSeguro,"Sao Paulo",Finance,NULL,0.07,1/25/2023,Post-IPO,Brazil,NULL
Palantir,Denver,Data,75,0.02,2/27/2023,Post-IPO,"United States.",3000
Palantir,Denver,Data,75,0.02,2/27/2023,Post-IPO,"United States.",3000
Parler,Nashville,Consumer,60,0.75,1/10/2023,"Series B","United States",36
Parler,Nashville,Consumer,60,0.75,1/10/2023,"Series B","United States",36
PartnerStack,Toronto,Sales,40,0.2,1/24/2023,"Series B",Canada,36
PartnerStack,Toronto,Sales,40,0.2,1/24/2023,"Series B",Canada,36
PayFit,Paris,HR,200,0.2,3/1/2023,"Series E",France,495
PayFit,Paris,HR,200,0.2,3/1/2023,"Series E",France,495
PayPal,"SF Bay Area",Finance,2000,0.07,1/31/2023,Post-IPO,"United States",216
PayPal,"SF Bay Area",Finance,2000,0.07,1/31/2023,Post-IPO,"United States",216
PayU,Amsterdam,Finance,150,0.06,12/26/2022,Acquired,Netherlands,NULL
PayU,Amsterdam,Finance,150,0.06,12/26/2022,Acquired,Netherlands,NULL
"Pecan AI","Tel Aviv",Data,30,0.25,1/5/2023,"Series C",Israel,116
"Pecan AI","Tel Aviv",Data,30,0.25,1/5/2023,"Series C",Israel,116
Pegasystems,Boston,HR,245,0.04,1/3/2023,Post-IPO,"United States",NULL
Pegasystems,Boston,HR,245,0.04,1/3/2023,Post-IPO,"United States",NULL
Personalis,"SF Bay Area",Healthcare,NULL,0.3,1/19/2023,Post-IPO,"United States",225
Personalis,"SF Bay Area",Healthcare,NULL,0.3,1/19/2023,Post-IPO,"United States",225
Personetics,"New York City",Support,30,0.08,1/5/2023,"Private Equity","United States",178
Personetics,"New York City",Support,30,0.08,1/5/2023,"Private Equity","United States",178
PetLove,"Sao Paulo",Retail,94,NULL,2/13/2023,"Series C",Brazil,225
PetLove,"Sao Paulo",Retail,94,NULL,2/13/2023,"Series C",Brazil,225
PhableCare,Bengaluru,Healthcare,NULL,0.7,2/14/2023,"Series B",India,40
PhableCare,Bengaluru,Healthcare,NULL,0.7,2/14/2023,"Series B",India,40
Philips,Amsterdam,Healthcare,6000,0.13,1/30/2023,Post-IPO,Netherlands,NULL
Philips,Amsterdam,Healthcare,6000,0.13,1/30/2023,Post-IPO,Netherlands,NULL
"Pico Interactive","SF Bay Area",Other,400,0.2,2/16/2023,Acquired,"United States",62
"Pico Interactive","SF Bay Area",Other,400,0.2,2/16/2023,Acquired,"United States",62
Pier,"Sao Paulo",Finance,111,0.39,1/12/2023,"Series B",Brazil,42
Pier,"Sao Paulo",Finance,111,0.39,1/12/2023,"Series B",Brazil,42
Pinterest,"SF Bay Area",Consumer,150,NULL,2/1/2023,Post-IPO,"United States",1500
Pinterest,"SF Bay Area",Consumer,150,NULL,2/1/2023,Post-IPO,"United States",1500
Plaid,"SF Bay Area",Finance,260,0.2,12/7/2022,"Series D","United States",734
Plaid,"SF Bay Area",Finance,260,0.2,12/7/2022,"Series D","United States",734
Playtika,"Tel Aviv",Consumer,600,0.15,12/9/2022,Post-IPO,Israel,NULL
Playtika,"Tel Aviv",Consumer,600,0.15,12/9/2022,Post-IPO,Israel,NULL
Pluralsight,"Salt Lake City",Education,400,0.2,12/12/2022,Acquired,"United States",192
Pluralsight,"Salt Lake City",Education,400,0.2,12/12/2022,Acquired,"United States",192
"Plus One Robotics","San Antonio",Other,NULL,0.1,1/26/2023,"Series B","United States",43
"Plus One Robotics","San Antonio",Other,NULL,0.1,1/26/2023,"Series B","United States",43
"Pocket Aces",Mumbai,Media,50,0.25,2/6/2023,Unknown,India,19
"Pocket Aces",Mumbai,Media,50,0.25,2/6/2023,Unknown,India,19
Polygon,Bengaluru,Crypto,100,0.2,2/21/2023,Unknown,India,451
Polygon,Bengaluru,Crypto,100,0.2,2/21/2023,Unknown,India,451
Poshmark,"SF Bay Area",Retail,NULL,0.02,2/24/2023,Acquired,"United States",153
Poshmark,"SF Bay Area",Retail,NULL,0.02,2/24/2023,Acquired,"United States",153
"Prime Trust","Las Vegas",Crypto,NULL,0.33,1/30/2023,"Series B","United States",176
"Prime Trust","Las Vegas",Crypto,NULL,0.33,1/30/2023,"Series B","United States",176
Primer,London,Finance,85,0.33,12/9/2022,"Series B","United Kingdom",73
Primer,London,Finance,85,0.33,12/9/2022,"Series B","United Kingdom",73
Prisma,"SF Bay Area",Data,NULL,0.28,1/19/2023,"Series B","United States",56
Prisma,"SF Bay Area",Data,NULL,0.28,1/19/2023,"Series B","United States",56
Prosus,Amsterdam,Other,NULL,0.3,1/25/2023,Unknown,Netherlands,NULL
Prosus,Amsterdam,Other,NULL,0.3,1/25/2023,Unknown,Netherlands,NULL
"Protego Trust Bank",Seattle,Crypto,NULL,0.5,3/1/2023,"Series A","United States",70
"Protego Trust Bank",Seattle,Crypto,NULL,0.5,3/1/2023,"Series A","United States",70
Proterra,"SF Bay Area",Transportation,300,NULL,1/19/2023,Post-IPO,"United States",1200
Proterra,"SF Bay Area",Transportation,300,NULL,1/19/2023,Post-IPO,"United States",1200
"Protocol Labs","SF Bay Area",Crypto,89,0.2,2/3/2023,Unknown,"United States",10
"Protocol Labs","SF Bay Area",Crypto,89,0.2,2/3/2023,Unknown,"United States",10
Qualcomm,"San Diego",Hardware,153,NULL,12/22/2022,Post-IPO,"United States",NULL
Qualcomm,"San Diego",Hardware,153,NULL,12/22/2022,Post-IPO,"United States",NULL
Qualtrics,"Salt Lake City",Other,270,0.05,1/11/2023,Post-IPO,"United States",400
Qualtrics,"Salt Lake City",Other,270,0.05,1/11/2023,Post-IPO,"United States",400
"Quanergy Systems","SF Bay Area",Transportation,72,NULL,12/14/2022,Post-IPO,"United States",175
"Quanergy Systems","SF Bay Area",Transportation,72,NULL,12/14/2022,Post-IPO,"United States",175
"Quantum SI","New Haven",Healthcare,NULL,0.12,1/30/2023,Post-IPO,"United States",425
"Quantum SI","New Haven",Healthcare,NULL,0.12,1/30/2023,Post-IPO,"United States",425
Reach,Calgary,Retail,NULL,0.12,12/16/2022,"Series A",Canada,30
Reach,Calgary,Retail,NULL,0.12,12/16/2022,"Series A",Canada,30
"Rebel Foods",Mumbai,Food,NULL,0.02,1/16/2023,Unknown,India,548
"Rebel Foods",Mumbai,Food,NULL,0.02,1/16/2023,Unknown,India,548
"Recur Forever",Miami,Crypto,235,NULL,12/7/2022,"Series A","United States",55
"Recur Forever",Miami,Crypto,235,NULL,12/7/2022,"Series A","United States",55
Redbubble,Melbourne,Retail,NULL,0.14,1/18/2023,Post-IPO,Australia,55
Redbubble,Melbourne,Retail,NULL,0.14,1/18/2023,Post-IPO,Australia,55
"REE Automotive","Tel Aviv",Transportation,31,0.11,2/9/2023,Post-IPO,Israel,317
"REE Automotive","Tel Aviv",Transportation,31,0.11,2/9/2023,Post-IPO,Israel,317
Relativity,Chicago,Legal,150,0.1,12/7/2022,"Private Equity","United States",125
Relativity,Chicago,Legal,150,0.1,12/7/2022,"Private Equity","United States",125
Relevel,Bengaluru,HR,40,0.2,1/10/2023,NULL,India,NULL
Relevel,Bengaluru,HR,40,0.2,1/10/2023,NULL,India,NULL
Revelate,Montreal,Data,24,0.3,12/16/2022,"Series A",Canada,26
Revelate,Montreal,Data,24,0.3,12/16/2022,"Series A",Canada,26
"Rigetti Computing","SF Bay Area",Hardware,NULL,0.28,2/10/2023,Post-IPO,"United States",298
"Rigetti Computing","SF Bay Area",Hardware,NULL,0.28,2/10/2023,Post-IPO,"United States",298
RingCentral,"SF Bay Area",Other,30,NULL,1/17/2023,Post-IPO,"United States",44
RingCentral,"SF Bay Area",Other,30,NULL,1/17/2023,Post-IPO,"United States",44
"Riot Games","Los Angeles",Consumer,46,NULL,1/19/2023,Acquired,"United States",21
"Riot Games","Los Angeles",Consumer,46,NULL,1/19/2023,Acquired,"United States",21
Rivian,Detroit,Transportation,NULL,0.06,2/1/2023,Post-IPO,"United States",10700
Rivian,Detroit,Transportation,NULL,0.06,2/1/2023,Post-IPO,"United States",10700
"Rock Content",Miami,Marketing,NULL,0.15,1/12/2023,"Series B","United States",34
"Rock Content",Miami,Marketing,NULL,0.15,1/12/2023,"Series B","United States",34
Ruggable,"Los Angeles",Retail,100,NULL,1/27/2023,Seed,"United States",NULL
Ruggable,"Los Angeles",Retail,100,NULL,1/27/2023,Seed,"United States",NULL
Saks.com,"New York City",Retail,100,0.05,1/19/2023,Unknown,"United States",965
Saks.com,"New York City",Retail,100,0.05,1/19/2023,Unknown,"United States",965
Salesforce,"SF Bay Area",Sales,8000,0.1,1/4/2023,Post-IPO,"United States",65
Salesforce,"SF Bay Area",Sales,8000,0.1,1/4/2023,Post-IPO,"United States",65
Salesloft,Atlanta,Sales,100,0.1,2/7/2023,Acquired,"United States",245
Salesloft,Atlanta,Sales,100,0.1,2/7/2023,Acquired,"United States",245
"Sana Benefits",Austin,HR,NULL,0.19,2/7/2023,"Series B","United States",106
"Sana Benefits",Austin,HR,NULL,0.19,2/7/2023,"Series B","United States",106
SAP,Walldorf,Other,3000,0.03,1/26/2023,Post-IPO,Germany,1300
SAP,Walldorf,Other,3000,0.03,1/26/2023,Post-IPO,Germany,1300
"SAP Labs",Bengaluru,Other,300,NULL,2/24/2023,Subsidiary,India,1300
"SAP Labs",Bengaluru,Other,300,NULL,2/24/2023,Subsidiary,India,1300
Sayurbox,Jakarta,Food,NULL,0.05,12/7/2022,"Series C",Indonesia,139
Sayurbox,Jakarta,Food,NULL,0.05,12/7/2022,"Series C",Indonesia,139
"Scale AI","SF Bay Area",Data,NULL,0.2,1/9/2023,"Series E","United States",602
"Scale AI","SF Bay Area",Data,NULL,0.2,1/9/2023,"Series E","United States",602
Scoro,London,HR,NULL,0.09,1/24/2023,"Series B","United Kingdom",23
Scoro,London,HR,NULL,0.09,1/24/2023,"Series B","United Kingdom",23
SecureWorks,Atlanta,Security,212,0.09,2/7/2023,Post-IPO,"United States",83
SecureWorks,Atlanta,Security,212,0.09,2/7/2023,Post-IPO,"United States",83
ServiceTitan,"Los Angeles",Sales,221,0.08,2/15/2023,"Series G","United States",1100
ServiceTitan,"Los Angeles",Sales,221,0.08,2/15/2023,"Series G","United States",1100
Shakepay,Montreal,Crypto,21,0.25,1/27/2023,"Series A",Canada,45
Shakepay,Montreal,Crypto,21,0.25,1/27/2023,"Series A",Canada,45
"Share Now",Berlin,Transportation,150,0.36,12/9/2022,Acquired,Germany,NULL
"Share Now",Berlin,Transportation,150,0.36,12/9/2022,Acquired,Germany,NULL
ShareChat,Bengaluru,Consumer,500,0.2,1/16/2023,"Series H",India,1700
ShareChat,Bengaluru,Consumer,500,0.2,1/16/2023,"Series H",India,1700
Shutterfly,"SF Bay Area",Retail,360,NULL,1/25/2023,Acquired,"United States",50
Shutterfly,"SF Bay Area",Retail,360,NULL,1/25/2023,Acquired,"United States",50
SirionLabs,Seattle,Legal,130,0.15,1/25/2023,"Series D","United States",171
SirionLabs,Seattle,Legal,130,0.15,1/25/2023,"Series D","United States",171
SiriusXM,"New York City",Media,475,0.08,3/6/2023,Post-IPO,"United States",525
SiriusXM,"New York City",Media,475,0.08,3/6/2023,Post-IPO,"United States",525
Skit.ai,Bengaluru,Support,115,NULL,1/12/2023,"Series B",India,28
Skit.ai,Bengaluru,Support,115,NULL,1/12/2023,"Series B",India,28
SmartNews,Tokyo,Media,120,0.4,1/12/2023,"Series F","United States",410
SmartNews,Tokyo,Media,120,0.4,1/12/2023,"Series F","United States",410
Smartsheet,Seattle,Other,85,0.03,2/16/2023,Post-IPO,"United States",152
Smartsheet,Seattle,Other,85,0.03,2/16/2023,Post-IPO,"United States",152
Snappy,"New York City",Marketing,100,0.3,1/15/2023,"Series C","United States",104
Snappy,"New York City",Marketing,100,0.3,1/15/2023,"Series C","United States",104
Snowplow,London,Data,40,NULL,2/2/2023,"Series B","United States",55
Snowplow,London,Data,40,NULL,2/2/2023,"Series B","United States",55
Socure,Reno,Finance,104,0.19,1/5/2023,"Series E","United States",646
Socure,Reno,Finance,104,0.19,1/5/2023,"Series E","United States",646
"Software AG",Frankfurt,Data,200,0.04,1/31/2023,Post-IPO,Germany,344
"Software AG",Frankfurt,Data,200,0.04,1/31/2023,Post-IPO,Germany,344
Sonder,"SF Bay Area",Travel,100,0.14,3/1/2023,Post-IPO,"United States",839
Sonder,"SF Bay Area",Travel,100,0.14,3/1/2023,Post-IPO,"United States",839
SonderMind,Denver,Healthcare,NULL,0.15,12/16/2022,"Series C","United States",183
SonderMind,Denver,Healthcare,NULL,0.15,12/16/2022,"Series C","United States",183
"Sono Motors",Munich,Transportation,300,NULL,2/27/2023,Post-IPO,Germany,126
"Sono Motors",Munich,Transportation,300,NULL,2/27/2023,Post-IPO,Germany,126
Sophos,Oxford,Security,450,0.1,1/18/2023,Acquired,"United States",125
Sophos,Oxford,Security,450,0.1,1/18/2023,Acquired,"United States",125
SoundHound,"SF Bay Area",Other,200,0.5,1/5/2023,Post-IPO,"United States",326
SoundHound,"SF Bay Area",Other,200,0.5,1/5/2023,Post-IPO,"United States",326
Splunk,"SF Bay Area",Data,325,0.04,2/1/2023,Post-IPO,"United States",2400
Splunk,"SF Bay Area",Data,325,0.04,2/1/2023,Post-IPO,"United States",2400
Spotify,Stockholm,Media,600,0.06,1/23/2023,Post-IPO,Sweden,2100
Spotify,Stockholm,Media,600,0.06,1/23/2023,Post-IPO,Sweden,2100
Sprinklr,"New York City",Support,100,0.04,2/15/2023,Post-IPO,"United States",429
Sprinklr,"New York City",Support,100,0.04,2/15/2023,Post-IPO,"United States",429
SSense,Montreal,Retail,138,0.07,1/27/2023,"Series A",Canada,NULL
SSense,Montreal,Retail,138,0.07,1/27/2023,"Series A",Canada,NULL
Starry,Boston,Other,100,0.24,1/18/2023,Post-IPO,"United States",260
Starry,Boston,Other,100,0.24,1/18/2023,Post-IPO,"United States",260
Stax,Orlando,Finance,24,NULL,2/24/2023,"Series D","United States",263
Stax,Orlando,Finance,24,NULL,2/24/2023,"Series D","United States",263
"Stitch Fix","SF Bay Area",Retail,NULL,0.2,1/5/2023,Post-IPO,"United States",79
"Stitch Fix","SF Bay Area",Retail,NULL,0.2,1/5/2023,Post-IPO,"United States",79
StreamElements,"Tel Aviv",Media,40,0.2,1/10/2023,"Series B",Israel,111
StreamElements,"Tel Aviv",Media,40,0.2,1/10/2023,"Series B",Israel,111
StrongDM,"SF Bay Area",Infrastructure,40,NULL,2/23/2023,"Series B","United States",76
StrongDM,"SF Bay Area",Infrastructure,40,NULL,2/23/2023,"Series B","United States",76
Stytch,"SF Bay Area",Security,19,0.25,2/27/2023,"Series B","United States",126
Stytch,"SF Bay Area",Security,19,0.25,2/27/2023,"Series B","United States",126
SuperRare,Wilmington,Crypto,NULL,0.3,1/6/2023,"Series A","United States",9
SuperRare,Wilmington,Crypto,NULL,0.3,1/6/2023,"Series A","United States",9
Swiggy,Bengaluru,Food,250,0.03,12/8/2022,Unknown,India,3600
Swiggy,Bengaluru,Food,250,0.03,12/8/2022,Unknown,India,3600
Swiggy,Bengaluru,Food,380,0.06,1/20/2023,Unknown,India,3600
Swiggy,Bengaluru,Food,380,0.06,1/20/2023,Unknown,India,3600
Synamedia,London,Media,200,0.12,2/22/2023,Unknown,"United Kingdom",NULL
Synamedia,London,Media,200,0.12,2/22/2023,Unknown,"United Kingdom",NULL
Synopsys,"SF Bay Area",Other,100,NULL,1/27/2023,Post-IPO,"United States",NULL
Synopsys,"SF Bay Area",Other,100,NULL,1/27/2023,Post-IPO,"United States",NULL
Tackle,Boise,Other,NULL,0.15,2/15/2023,"Series C","United States",148
Tackle,Boise,Other,NULL,0.15,2/15/2023,"Series C","United States",148
TaskUs,"San Antonio",Support,186,NULL,2/22/2023,Post-IPO,"United States",279
TaskUs,"San Antonio",Support,186,NULL,2/22/2023,Post-IPO,"United States",279
TCR2,Boston,Healthcare,NULL,0.4,1/5/2023,Post-IPO,"United States",173
TCR2,Boston,Healthcare,NULL,0.4,1/5/2023,Post-IPO,"United States",173
TechTarget,Boston,Marketing,60,0.05,12/8/2022,Post-IPO,"United States",115
TechTarget,Boston,Marketing,60,0.05,12/8/2022,Post-IPO,"United States",115
"Teladoc Health","New York City",Healthcare,300,0.06,1/18/2023,Post-IPO,"United States",172
"Teladoc Health","New York City",Healthcare,300,0.06,1/18/2023,Post-IPO,"United States",172
Tencent,Shenzen,Consumer,300,NULL,2/17/2023,Post-IPO,China,12600
Tencent,Shenzen,Consumer,300,NULL,2/17/2023,Post-IPO,China,12600
"The Iconic",Sydney,Retail,69,0.06,2/23/2023,Unknown,Australia,NULL
"The Iconic",Sydney,Retail,69,0.06,2/23/2023,Unknown,Australia,NULL
"The RealReal","SF Bay Area",Retail,230,0.07,2/16/2023,Post-IPO,"United States",356
"The RealReal","SF Bay Area",Retail,230,0.07,2/16/2023,Post-IPO,"United States",356
TheSkimm,"New York City",Media,17,0.1,2/1/2023,"Series C","United States",28
TheSkimm,"New York City",Media,17,0.1,2/1/2023,"Series C","United States",28
Thinkific,Vancouver,Education,76,0.19,1/10/2023,Post-IPO,Canada,22
Thinkific,Vancouver,Education,76,0.19,1/10/2023,Post-IPO,Canada,22
Thoughtworks,Chicago,Other,500,0.04,3/1/2023,Post-IPO,"United States",748
Thoughtworks,Chicago,Other,500,0.04,3/1/2023,Post-IPO,"United States",748
Thumbtack,"SF Bay Area",Consumer,160,0.14,12/13/2022,"Series I","United States",698
Thumbtack,"SF Bay Area",Consumer,160,0.14,12/13/2022,"Series I","United States",698
"Tier Mobility",Berlin,Transportation,80,0.07,1/25/2023,"Series D",Germany,646
"Tier Mobility",Berlin,Transportation,80,0.07,1/25/2023,"Series D",Germany,646
"TikTok India",Mumbai,Consumer,40,NULL,2/10/2023,Acquired,India,9400
"TikTok India",Mumbai,Consumer,40,NULL,2/10/2023,Acquired,India,9400
"Till Payments",Sydney,Finance,120,NULL,1/10/2023,"Series C",Australia,95
"Till Payments",Sydney,Finance,120,NULL,1/10/2023,"Series C",Australia,95
"Tilting Point","New York City",Consumer,60,0.14,1/31/2023,Unknown,"United States",235
"Tilting Point","New York City",Consumer,60,0.14,1/31/2023,Unknown,"United States",235
Tipalti,"SF Bay Area",Finance,123,0.11,1/11/2023,"Series F","United States",565
Tipalti,"SF Bay Area",Finance,123,0.11,1/11/2023,"Series F","United States",565
Tomorrow,Hamburg,Finance,30,0.25,12/16/2022,Unknown,Germany,29
Tomorrow,Hamburg,Finance,30,0.25,12/16/2022,Unknown,Germany,29
TripleLift,"New York City",Marketing,100,0.2,2/10/2023,Acquired,"United States",16
TripleLift,"New York City",Marketing,100,0.2,2/10/2023,Acquired,"United States",16
Tul,Bogota,Construction,100,NULL,1/17/2023,"Series B",Colombia,218
Tul,Bogota,Construction,100,NULL,1/17/2023,"Series B",Colombia,218
TuSimple,"San Diego",Transportation,350,0.25,12/21/2022,Post-IPO,"United States",648
TuSimple,"San Diego",Transportation,350,0.25,12/21/2022,Post-IPO,"United States",648
Twilio,"SF Bay Area",Other,1500,0.17,2/13/2023,Post-IPO,"United States.",614
Twilio,"SF Bay Area",Other,1500,0.17,2/13/2023,Post-IPO,"United States.",614
"Twine Solutions ","Tel Aviv",Hardware,30,0.33,1/5/2023,Unknown,Israel,50
"Twine Solutions ","Tel Aviv",Hardware,30,0.33,1/5/2023,Unknown,Israel,50
Twitter,"SF Bay Area",Consumer,40,NULL,1/5/2023,Post-IPO,"United States",12900
Twitter,"SF Bay Area",Consumer,40,NULL,1/5/2023,Post-IPO,"United States",12900
Twitter,"SF Bay Area",Consumer,200,0.1,2/25/2023,Post-IPO,"United States",12900
Twitter,"SF Bay Area",Consumer,200,0.1,2/25/2023,Post-IPO,"United States",12900
"Uber Freight","SF Bay Area",Logistics,150,0.03,1/23/2023,Subsidiary,"United States",2700
"Uber Freight","SF Bay Area",Logistics,150,0.03,1/23/2023,Subsidiary,"United States",2700
Udemy,"SF Bay Area",Education,NULL,0.1,2/14/2023,Post-IPO,"United States",311
Udemy,"SF Bay Area",Education,NULL,0.1,2/14/2023,Post-IPO,"United States",311
Unico,"Sao Paulo",Other,110,0.1,1/17/2023,"Series D",Brazil,336
Unico,"Sao Paulo",Other,110,0.1,1/17/2023,"Series D",Brazil,336
Uniphore,"SF Bay Area",Support,76,0.1,1/3/2023,"Series E","United States",620
Uniphore,"SF Bay Area",Support,76,0.1,1/3/2023,"Series E","United States",620
Unity,"SF Bay Area",Other,284,0.03,1/17/2023,Post-IPO,"United States",1300
Unity,"SF Bay Area",Other,284,0.03,1/17/2023,Post-IPO,"United States",1300
UpGrad,Mumbai,Education,120,NULL,3/6/2023,Unknown,India,631
UpGrad,Mumbai,Education,120,NULL,3/6/2023,Unknown,India,631
UpScalio,Gurugram,Retail,25,0.15,1/5/2023,"Series B",India,62
UpScalio,Gurugram,Retail,25,0.15,1/5/2023,"Series B",India,62
Upstart,"SF Bay Area",Finance,365,0.2,1/31/2023,Post-IPO,"United States",144
Upstart,"SF Bay Area",Finance,365,0.2,1/31/2023,Post-IPO,"United States",144
UserTesting,"SF Bay Area",Marketing,63,NULL,3/3/2023,Acquired,"United States",152
UserTesting,"SF Bay Area",Marketing,63,NULL,3/3/2023,Acquired,"United States",152
Vacasa,Portland,Travel,1300,0.17,1/24/2023,Post-IPO,"United States",834
Vacasa,Portland,Travel,1300,0.17,1/24/2023,Post-IPO,"United States",834
Vanta,"SF Bay Area",Security,NULL,0.14,12/8/2022,"Series B","United States",203
Vanta,"SF Bay Area",Security,NULL,0.14,12/8/2022,"Series B","United States",203
Vedantu,Bengaluru,Education,385,NULL,12/7/2022,"Series E",India,292
Vedantu,Bengaluru,Education,385,NULL,12/7/2022,"Series E",India,292
"Velodyne Lidar","SF Bay Area",Transportation,220,NULL,2/24/2023,Acquired,"United States",575
"Velodyne Lidar","SF Bay Area",Transportation,220,NULL,2/24/2023,Acquired,"United States",575
Venngage,Toronto,Marketing,11,0.2,1/24/2023,Unknown,Canada,NULL
Venngage,Toronto,Marketing,11,0.2,1/24/2023,Unknown,Canada,NULL
Veriff,Tallinn,Security,66,0.12,2/9/2023,"Series C",Estonia,192
Veriff,Tallinn,Security,66,0.12,2/9/2023,"Series C",Estonia,192
Verily,"SF Bay Area",Healthcare,250,0.15,1/11/2023,NULL,"United States",3500
Verily,"SF Bay Area",Healthcare,250,0.15,1/11/2023,NULL,"United States",3500
VerticalScope,Toronto,Media,60,0.22,2/1/2023,Post-IPO,Canada,NULL
VerticalScope,Toronto,Media,60,0.22,2/1/2023,Post-IPO,Canada,NULL
Vial,"SF Bay Area",Healthcare,40,NULL,1/13/2023,"Series B","United States",101
Vial,"SF Bay Area",Healthcare,40,NULL,1/13/2023,"Series B","United States",101
Viant,"Los Angeles",Marketing,46,0.13,12/13/2022,Post-IPO,"United States",NULL
Viant,"Los Angeles",Marketing,46,0.13,12/13/2022,Post-IPO,"United States",NULL
"Vibrent Health","Washington D.C.",Healthcare,NULL,0.13,2/23/2023,Unknown,"United States",NULL
"Vibrent Health","Washington D.C.",Healthcare,NULL,0.13,2/23/2023,Unknown,"United States",NULL
"Vicarious Surgical",Boston,Healthcare,NULL,0.14,2/15/2023,Post-IPO,"United States",185
"Vicarious Surgical",Boston,Healthcare,NULL,0.14,2/15/2023,Post-IPO,"United States",185
Vimeo,"New York City",Consumer,NULL,0.11,1/4/2023,Post-IPO,"United States",450
Vimeo,"New York City",Consumer,NULL,0.11,1/4/2023,Post-IPO,"United States",450
"VinFast US","Los Angeles",Transportation,80,NULL,2/6/2023,Subsidiary,"United States",NULL
"VinFast US","Los Angeles",Transportation,80,NULL,2/6/2023,Subsidiary,"United States",NULL
Voi,Stockholm,Transportation,130,0.13,12/7/2022,"Series D","United States",515
Voi,Stockholm,Transportation,130,0.13,12/7/2022,"Series D","United States",515
"Vox Media","Washington D.C.",Media,130,0.07,1/20/2023,"Series F","United States",307
"Vox Media","Washington D.C.",Media,130,0.07,1/20/2023,"Series F","United States",307
Vroom,"New York City",Transportation,275,0.2,1/18/2023,Post-IPO,"United States",1300
Vroom,"New York City",Transportation,275,0.2,1/18/2023,Post-IPO,"United States",1300
WalkMe,"SF Bay Area",Other,43,0.03,1/8/2023,Post-IPO,"United States",307
WalkMe,"SF Bay Area",Other,43,0.03,1/8/2023,Post-IPO,"United States",307
Wallbox,Barcelona,Energy,NULL,0.15,1/19/2023,Post-IPO,Spain,167
Wallbox,Barcelona,Energy,NULL,0.15,1/19/2023,Post-IPO,Spain,167
Wayfair,Boston,Retail,1750,0.1,1/20/2023,Post-IPO,"United States",1700
Wayfair,Boston,Retail,1750,0.1,1/20/2023,Post-IPO,"United States",1700
Waymo,"SF Bay Area",Transportation,209,0.08,3/1/2023,Subsidiary,"United States",5500
Waymo,"SF Bay Area",Transportation,209,0.08,3/1/2023,Subsidiary,"United States",5500
Weedmaps,"Los Angeles",Other,175,0.25,12/6/2022,Acquired,"United States",NULL
Weedmaps,"Los Angeles",Other,175,0.25,12/6/2022,Acquired,"United States",NULL
Wefox,Berlin,Finance,100,NULL,1/31/2023,"Series D",Germany,1300
Wefox,Berlin,Finance,100,NULL,1/31/2023,"Series D",Germany,1300
WeTrade,Bengaluru,Crypto,NULL,1,2/9/2023,Unknown,India,NULL
WeTrade,Bengaluru,Crypto,NULL,1,2/9/2023,Unknown,India,NULL
"WeWork ","New York City","Real Estate",300,NULL,1/19/2023,Post-IPO,"United States",22200
"WeWork ","New York City","Real Estate",300,NULL,1/19/2023,Post-IPO,"United States",22200
Wheel,Austin,Healthcare,56,0.28,2/1/2023,"Series C","United States",215
Wheel,Austin,Healthcare,56,0.28,2/1/2023,"Series C","United States",215
WHOOP,Boston,Fitness,NULL,0.04,1/10/2023,"Series F","United States",404
WHOOP,Boston,Fitness,NULL,0.04,1/10/2023,"Series F","United States",404
Willow,Sydney,"Real Estate",99,0.22,12/23/2022,Unknown,Australia,NULL
Willow,Sydney,"Real Estate",99,0.22,12/23/2022,Unknown,Australia,NULL
Wish,"SF Bay Area",Retail,150,0.17,1/31/2023,Post-IPO,"United States",1600
Wish,"SF Bay Area",Retail,150,0.17,1/31/2023,Post-IPO,"United States",1600
Wix,"Tel Aviv",Marketing,370,0.06,2/15/2023,Post-IPO,Israel,58
Wix,"Tel Aviv",Marketing,370,0.06,2/15/2023,Post-IPO,Israel,58
Workato,"SF Bay Area",Other,90,0.1,2/1/2023,"Series E","United States",415
Workato,"SF Bay Area",Other,90,0.1,2/1/2023,"Series E","United States",415
Workday,"SF Bay Area",HR,525,0.03,1/31/2023,Post-IPO,"United States",230
Workday,"SF Bay Area",HR,525,0.03,1/31/2023,Post-IPO,"United States",230
Workmotion,Berlin,HR,60,0.2,12/15/2022,"Series B","United States",76
Workmotion,Berlin,HR,60,0.2,12/15/2022,"Series B","United States",76
Wyre,"SF Bay Area",Crypto,NULL,1,1/4/2023,Unknown,"United States",29
Wyre,"SF Bay Area",Crypto,NULL,1,1/4/2023,Unknown,"United States",29
Xentral,Munich,Product,20,0.1,12/10/2022,"Series B",Germany,94
Xentral,Munich,Product,20,0.1,12/10/2022,"Series B",Germany,94
Yahoo,"SF Bay Area",Consumer,1600,0.2,2/9/2023,Acquired,"United States",6
Yahoo,"SF Bay Area",Consumer,1600,0.2,2/9/2023,Acquired,"United States",6
Yellow.ai,"SF Bay Area",Support,200,NULL,3/1/2023,"Series C","United States",102
Yellow.ai,"SF Bay Area",Support,200,NULL,3/1/2023,"Series C","United States",102
Yext,"New York City",Marketing,NULL,0.08,1/23/2023,Post-IPO,"United States",117
Yext,"New York City",Marketing,NULL,0.08,1/23/2023,Post-IPO,"United States",117
YourGrocer,Melbourne,Food,NULL,1,12/19/2022,Unknown,Australia,2
YourGrocer,Melbourne,Food,NULL,1,12/19/2022,Unknown,Australia,2
ZenLedger,Seattle,Crypto,NULL,0.1,12/9/2022,"Series B","United States",25
ZenLedger,Seattle,Crypto,NULL,0.1,12/9/2022,"Series B","United States",25
Zhihu,Beijing,Consumer,NULL,0.1,12/20/2022,"Series F",China,892
Zhihu,Beijing,Consumer,NULL,0.1,12/20/2022,"Series F",China,892
Zoom,"SF Bay Area",Other,1300,0.15,2/7/2023,Post-IPO,"United States",276
Zoom,"SF Bay Area",Other,1300,0.15,2/7/2023,Post-IPO,"United States",276
Zoopla,London,"Real Estate",50,NULL,12/23/2022,"Series C","United Kingdom",25
Zoopla,London,"Real Estate",50,NULL,12/23/2022,"Series C","United Kingdom",25
Zscaler,"SF Bay Area",Security,177,0.03,3/2/2023,Post-IPO,"United States",148
Zscaler,"SF Bay Area",Security,177,0.03,3/2/2023,Post-IPO,"United States",148
